Game,Notes,Console
100% Orange Juice,,PC
Among Us,,PC
Back 4 Blood,,PC
Bloons TD 6,,PC
Exoracer,,PC
Garry's Mod,,PC
Geometry Dash,,PC
Golf With Your Friends,,PC
Left 4 Dead 2,,PC
Muse Dash,,PC
Phasmophobia,,PC
Pico Park,,PC
Soundodger+,,PC
Super Hexagon,,PC
The Escapists 2,,PC
The Jackbox Party Pack 4,,PC
Webfishing,,PC
Beat Saber,,Quest
Sports Scramble,,Quest
Animal Crossing: New Horizons,,Switch
Human Fall Flat,,Switch
Super Mario Party,,Switch
Totally Reliable Delivery Service,,Switch
Wii Sports,,Wii
Nintendo Land,,Wii U
Super Mario Maker,,Wii U
Super Smash Bros For Wii U,,Wii U
Titanfall,,XBOX One