Game,Notes,Console,Hours
New Super Mario Bros 2,,3DS,5.5
Donkey Kong Country Returns 3D,,3DS,11
Metroid: Samus Returns,,3DS,11
Kid Icarus Uprising,,3DS,11.5
Luigi's Mansion: Dark Moon,,3DS,14
The Legend of Zelda: A Link Between Worlds,,3DS,16
Pokemon Omega Ruby,,3DS,26
Fire Emblem Awakening,,3DS,30.5
Pokemon Y,,3DS,31
Fire Emblem Echoes: Shadows of Valentia,,3DS,35
Bravely Default,,3DS,54.5
Mario Kart DS,,DS,4.5
New Super Mario Bros,,DS,7
Kirby Mass Attack,,DS,10
Professor Layton and the Last Specter,,DS,13
Hotel Dusk: Room 215,,DS,15.5
Sonic Chronicles: The Dark Brotherhood,,DS,16
The Legend of Zelda: Phantom Hourglass,,DS,17
Pokemon Black,,DS,32
Radiant Historia,,DS,35
Super Monkey Ball,,Gamecube,3.5
Pac-Man World 2,,Gamecube,4.5
Viewtiful Joe,,Gamecube,8
Spongebob: Battle for Bikini Bottom,,Gamecube,10
Sonic Heroes,,Gamecube,12
Metroid Prime 2: Echoes,,Gamecube,17
The Legend of Zelda: Majora's Mask,Collector's Edition,Gamecube,21
The Legend of Zelda: Ocarina of Time,Collector's Edition,Gamecube,27
Donkey Kong,1994 Reboot,GB/GBC,6
Pokemon Silver,,GB/GBC,30
Yoshi Topsy-Turvy,,GBA,3.5
Wario Land 4,,GBA,6
Advance Wars,,GBA,15.5
Mario and Luigi: Superstar Saga,,GBA,18
Golden Sun,,GBA,22
Star Fox 64,,N64,2
Glover,,N64,5
Goldeneye 007,,N64,8
Paper Mario,,N64,23
Amelie,,PC,1
"Control, I'm Not Coming Back",Free,PC,1
"drowning, drowning",Free,PC,1
First Kiss at a Spooky Soiree,Free,PC,1
her tears were my light,,PC,1
Syrup and the Ultimate Sweet,Free,PC,1
The WereCleaner,Free,PC,1
Tomato Clinic,Free,PC,1
Toree Saturn,,PC,1
We Know the Devil,,PC,1
Your Dry Delight,Free,PC,1
Awaria,Free,PC,1.5
Monument Valley II,,PC,1.5
A Hat in Time: Seal the Deal,DLC,PC,2
A Year of Springs,,PC,2
Bloodstained: Curse of the Moon,,PC,2
ElecHead,,PC,2
Grimm's Hollow,Free,PC,2
If found...,,PC,2
Life After Magic,Free,PC,2
Mind Over Magnet,,PC,2
Moonleap,,PC,2
Return to Ash,,PC,2
Starry Flowers,Free,PC,2
"Upwards, Rain! The Post Office of Farewells",,PC,2
Watchmen: The End is Nigh Part 2,,PC,2
A Hat in Time: Nyakuza Metro,DLC,PC,2.5
Endless Monday: Dreams and Deadlines,,PC,2.5
Heaven Will Be Mine,,PC,2.5
Mega Man Zero 3,Legacy Collection,PC,2.5
Mega Man Zero 4,Legacy Collection,PC,2.5
Mouthwashing,,PC,2.5
No Case Should Remain Unsolved,,PC,2.5
Nocturnal,,PC,2.5
Parking Garage Rally Circuit,,PC,2.5
Perfect Gold,,PC,2.5
start;again,,PC,2.5
Control: AWE,DLC,PC,3
Fear the Spotlight,,PC,3
Highway Blossoms: Next Exit,DLC,PC,3
Mega Man Zero 2,Legacy Collection,PC,3
My Confounding Cat is Criminally Cute!,,PC,3
planetarian HD,,PC,3
Saihate Station,Free,PC,3
The Fairy's Song,,PC,3
Watchmen: The End is Nigh,,PC,3
A Date with Death,"with Expansion, Free",PC,3.5
Alan Wake's American Nightmare,,PC,3.5
Botany Manor,,PC,3.5
Boxes: Lost Fragments,,PC,3.5
DuckTales Remastered,,PC,3.5
Gris,,PC,3.5
Half-Life 2: Episode One,,PC,3.5
Hidden Folks,,PC,3.5
Hylics,,PC,3.5
LIMBO,,PC,3.5
Little Nightmares,,PC,3.5
Super Squidlit,,PC,3.5
TOEM,,PC,3.5
Ashina: The Red Witch,,PC,4
Bioshock 2: Minerva's Den Remastered,DLC,PC,4
Control: The Foundation,DLC,PC,4
Night Cascades,,PC,4
OshiRabu: Waifus Over Husbandos,,PC,4
Turnip Boy Robs a Bank,,PC,4
Verne: The Shape of Fantasy,,PC,4
Viewfinder,,PC,4
Webbed,,PC,4
April Grove,,PC,4.5
Luto,,PC,4.5
Risk of Rain,,PC,4.5
Spark the Electric Jester,,PC,4.5
Cavern of Dreams,,PC,5
Corn Kidz 64,,PC,5
Devil May Cry 2,HD Collection,PC,5
Half-Life 2: Episode Two,,PC,5
Injustice: Gods Among Us,Ultimate Edition,PC,5
"Papers, Please",,PC,5
Pseudoregalia,,PC,5
Shantae: Risky's Revenge,Director's Cut,PC,5
SteamWorld Dig,,PC,5
The Last Campfire,,PC,5
Arranger: A Role-Puzzling Adventure,,PC,5.5
Beacon Pines,,PC,5.5
Bioshock Infinite: Burial at Sea,DLC,PC,5.5
Cat Quest,,PC,5.5
Crow Country,,PC,5.5
Curse Crackers: For Whom the Bell Tolls,,PC,5.5
Furi,,PC,5.5
Higurashi When They Cry Hou - Ch.4 Himatsubushi,,PC,5.5
Injustice 2,,PC,5.5
Into the Breach,,PC,5.5
Mortal Kombat X,,PC,5.5
Nobody Wants to Die,,PC,5.5
Quake,2019 Remaster,PC,5.5
Yellow Taxi Goes Vroom,,PC,5.5
Anodyne,,PC,6
Devil May Cry,HD Collection,PC,6
FEZ,,PC,6
Hypnospace Outlaw,,PC,6
I Have No Mouth And I Must Scream,,PC,6
Lake,,PC,6
Max Payne 2: The Fall of Max Payne,,PC,6
Mega Man ZX Advent,Legacy Collection,PC,6
Norco,,PC,6
Resident Evil 3,2020 Remake,PC,6
The Case of the Golden Idol,,PC,6
The Language of Love,,PC,6
Cruelty Squad,,PC,6.5
Dino Crisis,GOG Port,PC,6.5
Grand Theft Auto IV: The Lost and Damned,DLC,PC,6.5
Mortal Kombat 11,,PC,6.5
Reventure,,PC,6.5
SuperQuest,,PC,6.5
The Secret of Monkey Island,Special Edition,PC,6.5
Changed,,PC,7
Citizen Sleeper,,PC,7
Doom II,Steam Port,PC,7
Ghostrunner,,PC,7
Jet Set Radio,,PC,7
Mega Man ZX,Legacy Collection,PC,7
POSTAL 2,,PC,7
River City Girls,,PC,7
Shift Happens,,PC,7
Sorry We're Closed,,PC,7
Blackberry Honey,,PC,7.5
Momodora: Moonlit Farewell,,PC,7.5
Sable,,PC,7.5
SteamWorld Dig 2,,PC,7.5
Turok,2015 Remaster,PC,7.5
Deponia,,PC,8
Echo Generation: Midnight Edition,,PC,8
F.E.A.R.,,PC,8
Grand Theft Auto IV: The Ballad of Gay Tony,DLC,PC,8
Hyper Light Drifter,,PC,8
Hytale,,PC,8
Katawa Shoujo,,PC,8
Letters From a Rainy Day: Oceans and Lace,,PC,8
Max Payne,,PC,8
Rayman 2: The Great Escape,,PC,8
Shantae and the Pirate's Curse,,PC,8
Sifu,,PC,8
The Darkside Detective: A Fumble in the Dark,,PC,8
Voidwrought,,PC,8
Anodyne 2: Return to Dust,,PC,8.5
Denshattack!,,PC,8.5
Ghostrunner II,,PC,8.5
Highway Blossoms,,PC,8.5
Prince of Persia: The Sands of Time,,PC,8.5
The Dark Eye: Memoria,,PC,8.5
The End is Nigh,,PC,8.5
XIII,,PC,8.5
Death's Door,,PC,9
DRAMAtical Murder,,PC,9
Hotline Miami 2: Wrong Number,,PC,9
Metro 2033 Redux,,PC,9
Resident Evil 2,2019 Remake,PC,9
Sol Cesto,,PC,9
Sonic Adventure 2,,PC,9
Sonic Adventure DX,,PC,9
A Hat in Time,,PC,9.5
Going Under,,PC,9.5
Higurashi When They Cry Hou - Ch.5 Meakashi,,PC,9.5
Hitman: Contracts,,PC,9.5
The Life and Suffering of Sir Brante,,PC,9.5
Dodgeball Academia,,PC,10
OTXO,,PC,10
Resident Evil Village,,PC,10
Royal Alchemist,,PC,10
The Callisto Protocol,,PC,10
The Night of the Rabbit,,PC,10
Axiom Verge,,PC,10.5
Bioshock 2 Remastered,,PC,10.5
Higurashi When They Cry Hou - Ch.1 Onikakushi,,PC,10.5
Higurashi When They Cry Hou - Ch.6 Tsumihoroboshi,,PC,10.5
Rabi-Ribi,,PC,10.5
Risk of Rain 2,,PC,10.5
Streets of Rogue,,PC,10.5
The Binding of Isaac: Rebirth,,PC,10.5
Alan Wake,,PC,11
Batman: Arkham Asylum,GOTY Edition,PC,11
Fountains,,PC,11
Hitman: Codename 47,,PC,11
Iconoclasts,,PC,11
No More Heroes,,PC,11
Paranormasight: The Seven Mysteries of Honjo,,PC,11
Please Be Happy,,PC,11
Thief,Definitive Edition,PC,11
Va-11 Hall-A: Cyberpunk Bartender Action,,PC,11
Bioshock Infinite,,PC,11.5
Control,,PC,11.5
Paradise Killer,,PC,11.5
Resident Evil,,PC,11.5
Roadwarden,,PC,11.5
Suicide Squad: Kill the Justice League,,PC,11.5
Wolfenstein: The New Order,,PC,11.5
Bioshock Remastered,,PC,12
Devil May Cry 3: Dante's Awakening,HD Collection,PC,12
Hitman: Blood Money,,PC,12
Psychonauts,,PC,12
Batman: Arkham Origins,,PC,12.5
Dungreed,,PC,12.5
Higurashi When They Cry Hou - Ch.2 Watanagashi,,PC,12.5
Higurashi When They Cry Hou - Ch.3 Tatarigoroshi,,PC,12.5
Hitman: Absolution,,PC,12.5
River City Girls 2,,PC,12.5
Staffer Case,,PC,12.5
Barony,,PC,13
Blood West,,PC,13
Half-Life 2,,PC,13
Higurashi When They Cry Hou - Ch.7 Minagoroshi,,PC,13
Shadow of the Tomb Raider,Definitive Edition,PC,13
System Shock,Enhanced Edition,PC,13
Yooka-Laylee and the Impossible Lair,,PC,13
Batman: Arkham City,GOTY Edition,PC,13.5
Alice: Madness Returns,,PC,14
Another Crab's Treasure,,PC,14
Blasphemous,,PC,14
Bloodstained: Ritual of the Night,,PC,14
Dead Cells,,PC,14
Grand Theft Auto III,Definitive Edition,PC,14
Hitman 2: Silent Assassin,,PC,14
Killer7,,PC,14
Moonlighter,,PC,14
Need for Speed Heat,Deluxe Edition,PC,14
Royal Order,,PC,14
Bully: Scholarship Edition,,PC,14.5
Doom Eternal,,PC,14.5
moon: Remix RPG Adventure,Steam Port,PC,14.5
Rise of the Tomb Raider,20 Year Celebration Edition,PC,14.5
Slime Rancher,,PC,14.5
vivid/stasis,Free,PC,14.5
Bustafellows,,PC,15
MIO: Memories in Orbit,,PC,15
The Silver Case,,PC,15
Fatal Twelve,,PC,15.5
Final Fantasy,Pixel Remaster,PC,15.5
Tomb Raider I,2024 Remaster,PC,15.5
Until Then,,PC,15.5
Fallout,,PC,16
Middle-earth: Shadow of Mordor,,PC,16
Resident Evil 4,2023 Remake,PC,16
Tomb Raider II,2024 Remaster,PC,16
Higurashi When They Cry Hou - Ch.8 Matsuribayashi,,PC,16.5
The 25th Ward: The Silver Case,,PC,16.5
Batman: Arkham Knight,,PC,17
Mass Effect,Legendary Edition,PC,17
Outer Wilds,,PC,17
SKALD: Against the Black Priory,,PC,17
The Witness,,PC,17
Gotham Knights,,PC,17.5
Sea Bed,,PC,17.5
The Divine Speaker,,PC,17.5
LEGO Star Wars: The Skywalker Saga,,PC,18.5
Shadow Man Remastered,,PC,18.5
Dream Tactics,,PC,19
Lilycle Rainbow Stage!!!,,PC,19
Cassette Beasts,,PC,20
Mad Max,,PC,20
Rain World,,PC,20
Escape from Ever After,,PC,20.5
Tomb Raider III,2024 Remaster,PC,20.5
Middle-earth: Shadow of War,,PC,21
Omori,,PC,21.5
Fallout 3,GOTY Edition,PC,22
Chrono Trigger,,PC,23
Stellar Interface,,PC,23
Disco Elysium: The Final Cut,,PC,23.5
Mass Effect 2,Legendary Edition,PC,24.5
Mass Effect 3,Legendary Edition,PC,24.5
Afterimage,,PC,25
Danganronpa: Trigger Happy Havoc,,PC,25
Noita,,PC,25
428: Shibuya Scramble,,PC,26
STEINS;GATE,,PC,26.5
XCOM: Enemy Unknown,,PC,26.5
Fallout: New Vegas,Ultimate Edition,PC,27
Grand Theft Auto IV,,PC,27
N++,,PC,27.5
Tom Clancy's Ghost Recon Wildlands,,PC,27.5
Atelier Ryza: Ever Darkness & the Secret Hideout,,PC,28
The House in Fata Morgana,,PC,28.5
Kindred Spirits on the Roof,,PC,29
Subnautica,,PC,30
Fallout 2,,PC,30.5
Grand Theft Auto: San Andreas,Definitive Edition,PC,30.5
Grand Theft Auto V,Enhanced,PC,32
XCOM 2,,PC,33
FINAL FANTASY IX,,PC,38
The Witcher 3: Wild Hunt,,PC,51.5
Cozy Grove,,PC,73
A Cat and His Boy,,PC,
A Date With Death: Beyond the Bet,DLC,PC,
Cthulhu Mythos ADV Lunatic Whispers,,PC,
Cthulhu Mythos ADV The Isle Of Ubohoth,,PC,
Heartstop Tour,Free,PC,
Just Kiss Her Already!,Free,PC,
My Dear Prince,,PC,
My Nemesis and Hero,,PC,
Nophenia,,PC,
SCHEME!!,"Shortened title, Free",PC,
Symbiosis,Free,PC,
Stuart Little 2,,PS1,3
Tony Hawk's Pro Skater,,PS1,4.5
Croc: Legend of the Gobbos,,PS1,6
Rayman,,PS1,10
Metal Gear Solid,,PS1,11.5
Grandia,,PS1,42
Devil Kings,,PS2,3
Onimusha: Warlords,,PS2,4.5
Call of Duty 2: Big Red One,,PS2,7
Sly Cooper and the Thievus Raccoonus,,PS2,7
Call of Duty 3,,PS2,8
Ty the Tasmanian Tiger,,PS2,9
Onimusha 2: Samurai's Destiny,,PS2,9.5
Jak & Daxter: The Precursor Legacy,,PS2,10
Ratchet & Clank: Up Your Arsenal,,PS2,11.5
Jak 3,,PS2,12
Ratchet and Clank,,PS2,12
Ratchet & Clank: Going Commando,,PS2,13
Jak II,,PS2,16.5
Radiata Stories,,PS2,30
Dark Cloud,,PS2,31
Grandia II,,PS2,31
Final Fantasy XII,,PS2,61
Golden Axe,Sonic's Ultimate Genesis Collection,PS3,1
Golden Axe II,Sonic's Ultimate Genesis Collection,PS3,1
Alex Kidd in the Enchanted Castle,Sonic's Ultimate Genesis Collection,PS3,1.5
Golden Axe III,Sonic's Ultimate Genesis Collection,PS3,1.5
Streets of Rage 2,Sonic's Ultimate Genesis Collection,PS3,1.5
Vectorman 2,Sonic's Ultimate Genesis Collection,PS3,1.5
Comix Zone,Sonic's Ultimate Genesis Collection,PS3,2
Streets of Rage 3,Sonic's Ultimate Genesis Collection,PS3,2
Decap Attack,Sonic's Ultimate Genesis Collection,PS3,2.5
Shinobi III: Return of the Ninja Master,Sonic's Ultimate Genesis Collection,PS3,2.5
Sonic the Hedgehog: Spinball,Sonic's Ultimate Genesis Collection,PS3,2.5
Vectorman,Sonic's Ultimate Genesis Collection,PS3,2.5
Dynamite Headdy,Sonic's Ultimate Genesis Collection,PS3,3
Sonic 3D Blast,Sonic's Ultimate Genesis Collection,PS3,3.5
Ecco: The Tides of Time,Sonic's Ultimate Genesis Collection,PS3,4
Kid Chameleon,Sonic's Ultimate Genesis Collection,PS3,4.5
Echo Night,PSOne Classic,PS3,5
Ecco the Dolphin,Sonic's Ultimate Genesis Collection,PS3,5.5
Golden Axe Warrior,Sonic's Ultimate Genesis Collection,PS3,5.5
Beyond Oasis,Sonic's Ultimate Genesis Collection,PS3,6
Call of Duty: Ghosts,,PS3,6
Call of Duty: Modern Warfare 3,,PS3,6
Silent Hill 3,HD Remaster,PS3,6
Spec Ops: The Line,,PS3,6
Call of Duty: Modern Warfare 2,,PS3,6.5
Ico,HD Remaster,PS3,6.5
Red Dead Redemption: Undead Nightmare,,PS3,6.5
Call of Duty: Advanced Warfare,,PS3,7
Call of Duty: Black Ops,,PS3,7
Call of Duty: Black Ops II,,PS3,7
Call of Duty: World at War,,PS3,7
Silent Hill,PSOne Classic,PS3,7
Silent Hill 2,HD Remaster,PS3,8
Uncharted: Drake's Fortune,,PS3,8
God of War,HD Remaster,PS3,9
LittleBigPlanet,,PS3,9
Uncharted 3: Drake's Deception,,PS3,9
Shadow of the Colossus,HD Remaster,PS3,9.5
Uncharted 2: Among Thieves,,PS3,10.5
Dead Space,,PS3,11
Ninja Gaiden Σ 2,,PS3,11
Dishonored,,PS3,12
God of War II,HD Remaster,PS3,12
Assassin's Creed Revelations,,PS3,12.5
Threads of Fate,PSOne Classic,PS3,12.5
Burnout Paradise,,PS3,13
God Hand,PS2 Classic,PS3,13
Metal Gear Solid 2: Sons of Liberty,HD Edition,PS3,13
Sonic Unleashed,,PS3,13
Ninja Gaiden Σ,,PS3,13.5
Assassin's Creed,,PS3,15
Assassin's Creed Brotherhood,,PS3,15
inFamous,,PS3,15
Phantasy Star,Sonic's Ultimate Genesis Collection,PS3,15.5
Metal Gear Solid 3: Snake Eater,HD Edition,PS3,16
Assassin's Creed III,,PS3,16.5
Darksiders,,PS3,17
Phantasy Star III: Generations of Doom,Sonic's Ultimate Genesis Collection,PS3,17
Red Dead Redemption,,PS3,17.5
Metal Gear Solid: Peace Walker,HD Edition,PS3,18
Assassin's Creed II,,PS3,19
Phantasy Star IV: The End of the Millenium,Sonic's Ultimate Genesis Collection,PS3,21
Shining Force,Sonic's Ultimate Genesis Collection,PS3,22
Shining in the Darkness,Sonic's Ultimate Genesis Collection,PS3,22
Kingdom Hearts Re:Chain of Memories,Final Mix,PS3,23
Assassin's Creed IV: Black Flag,,PS3,23.5
Vagrant Story,PSOne Classic,PS3,24.5
Kingdom Hearts Birth by Sleep,Final Mix,PS3,25.5
Phantasy Star II,Sonic's Ultimate Genesis Collection,PS3,27.5
Kingdom Hearts II,Final Mix,PS3,29.5
Final Fantasy X-2,HD Remaster,PS3,30.5
Shining Force II,Sonic's Ultimate Genesis Collection,PS3,30.5
Tales of Symphonia: Dawn of the New World,,PS3,32.5
The Elder Scrolls V: Skyrim,,PS3,34.5
Final Fantasy X,HD Remaster,PS3,45.5
Gran Turismo 5,,PS3,46
Tales of Symphonia,,PS3,46.5
Persona 2: Eternal Punishment,,PS3,47
The Last of Us: Left Behind,Remastered,PS4,2.5
.hack//G.U. Vol. 4: Reconnection,Last Recode,PS4,3
Castlevania: Rondo of Blood,Requiem Remaster,PS4,3.5
Persona 3: Dancing in Moonlight,Endless Night Collection,PS4,7
Persona 5: Dancing in Starlight,Endless Night Collection,PS4,7.5
Castlevania: Symphony of the Night,Requiem Remaster,PS4,8.5
Gravity Rush Remastered,,PS4,10
The Last Guardian,,PS4,12
The Last of Us,Remastered,PS4,15
Prey,2017 Reboot,PS4,16.5
Yakuza Kiwami,,PS4,18
.hack//G.U. Vol. 1: Rebirth HD,Last Recode,PS4,18.5
.hack//G.U. Vol. 2: Reminisce HD,Last Recode,PS4,20
God of War,2018 Reboot,PS4,20.5
.hack//G.U. Vol. 3: Redemption HD,Last Recode,PS4,21
Nier: Automata,,PS4,21.5
Horizon: Zero Dawn,,PS4,22.5
The Last of Us Part II,,PS4,24
Bug Fables: The Everlasting Sapling,,PS4,25.5
13 Sentinels: Aegis Rim,,PS4,30.5
Yakuza 0,,PS4,31.5
Bloodborne,,PS4,32.5
Monster Hunter World,,PS4,46.5
Dragon Quest XI: Echoes of an Elusive Age,,PS4,57
LocoRoco,,PSP,5.5
Burnout Legends,,PSP,8
Daxter,,PSP,8
Ridge Racer,,PSP,8.5
Patapon,,PSP,14.5
Star Ocean: First Departure,,PSP,20.5
Shin Megami Tensei: Persona,,PSP,31
Persona 2: Innocent Sin,,PSP,35.5
Journey of the Gods,,Quest,4
M.U.S.H.A.,Switch Online (GEN),Switch,1
Mega Man II,Switch Online (GB),Switch,1
Pop'n TwinBee,Switch Online (SNES),Switch,1
Star Fox,Switch Online (SNES),Switch,1
Star Fox 2,Switch Online (SNES),Switch,1
Wild Guns,Switch Online (SNES),Switch,1
Contra: Hard Corps,Switch Online (GEN),Switch,1.5
Mendel Palace,Switch Online (NES),Switch,1.5
Sayonara Wild Hearts,,Switch,1.5
Shadow of the Ninja,Switch Online (NES),Switch,1.5
Vice: Project Doom,Switch Online (NES),Switch,1.5
Boomerang X,,Switch,2
Castlevania Legends,Switch Online (GB),Switch,2
Dr. Mario 64,Switch Online (N64),Switch,2
F-Zero,Switch Online (SNES),Switch,2
F-Zero Climax,Switch Online (GBA),Switch,2
Gunstar Heroes,Switch Online (GEN),Switch,2
Mega Man 10,Legacy Collection,Switch,2
Mega Man III,Switch Online (GB),Switch,2
Mega Man: Dr. Wily's Revenge,Switch Online (GB),Switch,2
Pulseman,Switch Online (GEN),Switch,2
River City Ransom,Switch Online (NES),Switch,2
Sin and Punishment,Switch Online (N64),Switch,2
Super Mario Kart,Switch Online (SNES),Switch,2
The Revenge of Shinobi,Switch Online (GEN),Switch,2
ToeJam & Earl in Panic on Funkotron,Switch Online (GEN),Switch,2
Yoshi's Story,Switch Online (N64),Switch,2
Castlevania Bloodlines,Switch Online (GEN),Switch,2.5
Donkey Kong Land,Switch Online (GB),Switch,2.5
Donkey Kong Land III,Switch Online (GB),Switch,2.5
F-Zero: Maximum Velocity,Switch Online (GBA),Switch,2.5
Kid Icarus: Of Myths and Monsters,Switch Online (GB),Switch,2.5
"Little Kitty, Big City",,Switch,2.5
Mega Man 6,Legacy Collection,Switch,2.5
Mega Man IV,Switch Online (GB),Switch,2.5
Mega Man V,Switch Online (GB),Switch,2.5
Ninja Gaiden II: The Dark Sword of Chaos,Switch Online (NES),Switch,2.5
Pokemon Puzzle League,Switch Online (N64),Switch,2.5
Ridge Racer 64,Switch Online (N64),Switch,2.5
AER: Memories of Old,,Switch,3
Alien Soldier,Switch Online (GEN),Switch,3
Castlevania: Dracula X,Advance Collection,Switch,3
Earthworm Jim 2,Switch Online (SNES),Switch,3
Kirby Tilt 'n' Tumble,Switch Online (GB),Switch,3
Kirby's Dream Course,Switch Online (SNES),Switch,3
Mario Kart: Super Circuit,Switch Online (GBA),Switch,3
Mega Man 2,Legacy Collection,Switch,3
Mega Man 4,Legacy Collection,Switch,3
Mega Man 5,Legacy Collection,Switch,3
Ninja Gaiden,Switch Online (NES),Switch,3
Streets of Rage 4,,Switch,3
Super Mario Bros 2,Switch Online (NES),Switch,3
Super Mario Bros: The Lost Levels,Switch Online (NES),Switch,3
Super Punch-Out!!,Switch Online (SNES),Switch,3
ToeJam & Earl,Switch Online (GEN),Switch,3
Wave Race 64,Switch Online (N64),Switch,3
Adventures of Lolo,Switch Online (NES),Switch,3.5
Donkey Kong Land 2,Switch Online (GB),Switch,3.5
Earthworm Jim,Switch Online (GEN),Switch,3.5
Mega Man 3,Legacy Collection,Switch,3.5
Mega Man 9,Legacy Collection,Switch,3.5
Mega Man X,Legacy Collection,Switch,3.5
SoulCalibur II,Switch Online (GCN),Switch,3.5
Blaster Master,Switch Online (NES),Switch,4
Clock Tower Rewind,,Switch,4
Kid Icarus,Switch Online (NES),Switch,4
Mega Man X4,Legacy Collection,Switch,4
Mega Man X5,Legacy Collection,Switch,4
Mega Man X7,Legacy Collection,Switch,4
Pilotwings,Switch Online (SNES),Switch,4
Pokemon Snap,Switch Online (N64),Switch,4
Donkey Kong Country 3: Dixie Kong's Double Trouble,Switch Online (SNES),Switch,4.5
F-Zero X,Switch Online (N64),Switch,4.5
Mario Kart 64,Switch Online (N64),Switch,4.5
Mega Man 7,Legacy Collection,Switch,4.5
Mega Man 8,Legacy Collection,Switch,4.5
Mega Man X2,Legacy Collection,Switch,4.5
Mega Man X8,Legacy Collection,Switch,4.5
Another Code: Two Memories,Recollection Remake,Switch,5
Cocoon,,Switch,5
F-Zero: GP Legend,Switch Online (GBA),Switch,5
Mario vs. Donkey Kong,Switch Online (GBA),Switch,5
Mega Man 11,,Switch,5
Mega Man X3,Legacy Collection,Switch,5
Mega Man X6,Legacy Collection,Switch,5
Metroid Fusion,Switch Online (GBA),Switch,5
Scott Pilgrim vs the World: The Game,Complete Edition,Switch,5
Stray,,Switch,5
Super Mario Bros 3,Switch Online (NES),Switch,5
Touhou Luna Nights,,Switch,5
Crash Bandicoot: Warped,N.Sane Trilogy,Switch,5.5
Light Crusader,Switch Online (GEN),Switch,5.5
Super Mario Strikers,Switch Online (GCN),Switch,5.5
Pizza Tower,,Switch,6
Startropics,Switch Online (NES),Switch,6
Klonoa 2: Lunatea's Veil,Phantasy Reverie Series,Switch,6.5
Alone in the Dark: The New Nightmare,Switch Online (GB),Switch,7
Animal Well,,Switch,7
Castlevania: Aria of Sorrow,Advance Collection,Switch,7
Mario Tennis,Switch Online (N64),Switch,7
Balatro,,Switch,7.5
Blossom Tales: The Sleeping King,,Switch,7.5
Castlevania: Harmony of Dissonance,Advance Collection,Switch,7.5
Once Upon a Katamari,,Switch,7.5
Super Mario Maker 2,,Switch,7.5
Super Metroid,Switch Online (SNES),Switch,7.5
Crusader of Centy,Switch Online (GEN),Switch,8
Perfect Dark,Switch Online (N64),Switch,8
Super Mario World 2: Yoshi's Island,Switch Online (SNES),Switch,8
The Legend of Zelda,Switch Online (NES),Switch,8
Castlevania: Circle of The Moon,Advance Collection,Switch,8.5
Shantae,,Switch,8.5
Crystalis,Switch Online (NES),Switch,9
F-Zero GX,Switch Online (GCN),Switch,9
Mario Golf,Switch Online (N64),Switch,9
Metroid Dread,,Switch,9
Night in the Woods,,Switch,9
Ori and the Blind Forest,Definitive Edition,Switch,9
Sanabi,,Switch,9
Dredge,,Switch,9.5
A Space for the Unbound,,Switch,10
Bomb Rush Cyberfunk,,Switch,10
Mario Tennis,Switch Online (GB),Switch,10
Wario Land 3,Switch Online (GB),Switch,10
Zelda II: The Adventure of Link,Switch Online (NES),Switch,10
Donkey Kong Country: Tropical Freeze,,Switch,10.5
Mario Golf,Switch Online (GB),Switch,11
Pokemon Stadium,Switch Online (N64),Switch,11
Pikmin 2,,Switch,11.5
Chibi-Robo,Switch Online (GCN),Switch,12
Ghost Trick: Phantom Detective,Modern Remaster,Switch,12
Tunic,,Switch,12.5
Luigi's Mansion 3,,Switch,13
Metroid Prime Remastered,,Switch,14
The Legend of Zelda: Link's Awakening,2019 Remake,Switch,14
Super Mario Sunshine,3D All Stars,Switch,15
The Legend of Zelda: A Link To The Past,Switch Online (SNES),Switch,15
The Legend of Zelda: Oracle of Seasons,Switch Online (GB),Switch,15
The Legend of Zelda: The Minish Cap,Switch Online (GBA),Switch,15.5
Another Code R - A Journey Into Lost Memories,Recollection Remake,Switch,16
Landstalker,Switch Online (GEN),Switch,16
Sonic Frontiers,,Switch,16.5
The Legend of Zelda: Oracle of Ages,Switch Online (GB),Switch,16.5
Earthbound Beginnings,Switch Online (NES),Switch,17
Pokemon Mystery Dungeon: Red Rescue Team,Switch Online (GBA),Switch,18.5
Pokemon Stadium 2,Switch Online (N64),Switch,19
Astral Chain,,Switch,20.5
Suikoden I,HD Remaster,Switch,20.5
Mario + Rabbids Kingdom Battle,,Switch,21.5
AI: The Somnium Files,,Switch,23
Jack Jeanne,,Switch,23
Pokemon Colosseum,Switch Online (GCN),Switch,23.5
Fire Emblem: The Sacred Stones,Switch Online (GBA),Switch,24
Super Smash Bros Ultimate,,Switch,24
Donkey Kong 64,Switch Online (N64),Switch,25.5
Spiritfarer,,Switch,25.5
AI: The Somnium Files - nirvanA Initiative,,Switch,27
Fire Emblem,Switch Online (GBA),Switch,27
Hollow Knight,,Switch,27
Paper Mario: The Origami King,,Switch,27
Pokemon XD: Gale of Darkness,Switch Online (GCN),Switch,27
Breath of Fire,Switch Online (SNES),Switch,27.5
Earthbound,Switch Online (SNES),Switch,28
Sea of Stars,,Switch,28
Paper Mario: The Thousand Year Door,Modern Remaster,Switch,31
The Legend of Zelda: Skyward Sword HD,,Switch,31
Golden Sun: The Lost Age,Switch Online (GBA),Switch,31.5
Fire Emblem: Path of Radiance,Switch Online (GCN),Switch,33
Okami HD,,Switch,33
Suikoden II,HD Remaster,Switch,33.5
Breath of Fire II,Switch Online (SNES),Switch,34
Triangle Strategy,,Switch,34.5
Crosscode,,Switch,35.5
Mario and Luigi: Brothership,,Switch,40
Neo: The World Ends With You,,Switch,40
Ni No Kuni: Wrath of The White Witch,Remastered,Switch,44
Digimon Story: Cyber Sleuth - Hacker's Memory,,Switch,46.5
Fire Emblem: Three Houses,,Switch,49
Digimon Story: Cyber Sleuth,,Switch,50
Xenoblade Chronicles: Definitive Edition,,Switch,57
The Legend of Zelda: Tears of The Kingdom,,Switch,59
Persona 5 Royal,,Switch,101
UFO 50,,Switch,110
Inukari: Chase of Deception,,Switch,
Cyberpunk 2077: Phantom Liberty,DLC,Switch 2,13
Cyberpunk 2077,,Switch 2,26
Hades II,,Switch 2,29
Sonic Colors,,Wii,5
Kirby's Epic Yarn,,Wii,6.5
The Conduit,,Wii,6.5
Endless Ocean,,Wii,7.5
Sonic and the Secret Rings,,Wii,8
New Super Mario Bros Wii,,Wii,9
Super Smash Bros Brawl,,Wii,11.5
Endless Ocean: Blue World,,Wii,13
Super Mario Galaxy 2,,Wii,13
Metroid Prime 3: Corruption,,Wii,13.5
Super Paper Mario,,Wii,18.5
The Legend of Zelda: Twilight Princess,,Wii,37
We Love Golf!,,Wii,
Star Fox Zero,,Wii U,5
Kirby and the Rainbow Curse,,Wii U,5.5
Sonic Boom: Rise of Lyric,,Wii U,7.5
Sonic Lost World,,Wii U,7.5
Rodea the Sky Soldier,,Wii U,8.5
Bayonetta 2,,Wii U,9
Bayonetta,,Wii U,11.5
Yoshi's Woolly World,,Wii U,12
Hyrule Warriors,,Wii U,13
Pikmin 3,,Wii U,13
Lego City Undercover,,Wii U,15.5
The Wonderful 101,,Wii U,16.5
The Legend of Zelda: The Wind Waker HD,,Wii U,25
Paper Mario: Color Splash,,Wii U,30
Xenoblade Chronicles X,,Wii U,68
The Invisible Hours,,XBOX One,3
Mighty No. 9,,XBOX One,5
RIME,,XBOX One,5.5
Halo 3: ODST Master Chief Collection,Master Chief Collection,XBOX One,6
Spyro the Dragon,Reignited Trilogy,XBOX One,6
Spyro 2: Ripto's Rage!,Reignited Trilogy,XBOX One,7
Blast Corps,Rare Replay,XBOX One,7.5
Halo 4 Master Chief Collection,Master Chief Collection,XBOX One,7.5
Perfect Dark Zero Rare Replay,Rare Replay,XBOX One,7.5
Halo 2 Anniversary Master Chief Collection,Master Chief Collection,XBOX One,8
Halo 3 Master Chief Collection,Master Chief Collection,XBOX One,8
Halo: Reach Master Chief Collection,Master Chief Collection,XBOX One,8
Spyro: Year of the Dragon,Reignited Trilogy,XBOX One,8
Call of Duty: Black Ops III,,XBOX One,9
Resident Evil 7: Biohazard,,XBOX One,9
The Wolf Among Us,,XBOX One,9.5
Conker's Bad Fur Day,Rare Replay,XBOX One,11
Banjo-Kazooie,Rare Replay,XBOX One,11.5
Dead Rising,,XBOX One,12
Jet Force Gemini Rare Replay,Rare Replay,XBOX One,15.5
Yooka-Laylee,,XBOX One,15.5
Banjo-Tooie,Rare Replay,XBOX One,17
Indivisible,,XBOX One,18.5
Scarlet Nexus,,XBOX One,25
Dark Souls Remastered,,XBOX One,29.5
Elden Ring,,XBOX One,60