Game,Notes,Console,Hours,Date Finished,Date Reviewed,Score,Review
Kirby Planet Robobot,,3DS,7,2024-02-07,,10,-
Kirby Triple Deluxe,,3DS,7.5,-,,8,-
Mario Kart 7,,3DS,7.5,-,,8,-
Phoenix Wright: Ace Attorney - Dual Destinies,,3DS,27,2024-05-17,2024-05-17,6,reviews/phoenix wright ace attorney - dual destinies.html
Phoenix Wright: Ace Attorney - Spirit of Justice,,3DS,35,2024-06-09,2024-06-09,6,reviews/phoenix wright ace attorney - spirit of justice.html
Pilotwings Resort,,3DS,4,2024-05-29,2026-04-12,6,reviews/pilotwings resort.html
Pokemon Moon,,3DS,33.5,2024-12-26,2024-12-28,6,reviews/pokemon moon.html
Professor Layton vs Phoenix Wright: Ace Attorney,,3DS,24,-,,3,-
Super Mario 3D Land,,3DS,7,-,,5,-
Yoshi's New Island,,3DS,7,2025-09-04,2025-11-30,2,reviews/yoshi's new island.html
Ace Attorney Investigations: Miles Edgeworth,,DS,23,2024-03-28,2024-03-29,6,reviews/ace attorney investigations - miles edgeworth.html
Apollo Justice: Ace Attorney,,DS,20.5,-,,8,-
Kirby Superstar Ultra,,DS,5,2025-12-27,,9,-
Kirby: Squeak Squad,,DS,4,2024-06-24,,7,-
Professor Layton and the Curious Village,,DS,11.5,-,,6,-
Professor Layton and the Diabolical Box,,DS,13,2024-04-07,2024-04-07,6,reviews/professor layton and the diabolical box.html
Professor Layton and the Unwound Future,,DS,15,2025-04-18,,8,-
Sonic Rush,,DS,5,2023-12-28,,4,-
Sonic Rush Adventure,,DS,7,2024-01-02,,6,-
The World Ends With You,,DS,25,2026-06-02,2026-06-08,7,reviews/the world ends with you.html
Shadow the Hedgehog,,Gamecube,4.5,2024-05-11,2024-05-11,3,reviews/shadow the hedgehog.html
Wario World,,Gamecube,6,2024-01-26,,1,-
Kirby & the Amazing Mirror,,GBA,7,2024-12-16,2026-02-15,8,reviews/kirby and the amazing mirror.html
Mega Man Zero,,GBA,3,2025-01-27,,6,-
Sonic Advance,,GBA,2,2025-09-27,2025-09-27,4,reviews/sonic advance.html
Kirby 64: The Crystal Shards,,N64,4,2026-02-21,,8,-
Waialae Country Club: True Golf Classics,,N64,1,2025-01-03,2025-01-03,5,reviews/waialae country club - true golf classics.html
-SPROUT-,,PC,1,-,,3,-
2D Platformer Game (Toy Factory),,PC,,-,,4,-
420BLAZEIT 2: GAME OF THE YEAR,Shortened Title,PC,3.5,2026-07-09,2026-07-15,4,reviews/420blaze it 2 - game of the year.html
A Dance of Fire and Ice,,PC,3.5,2023-12-23,,7,-
A Short Hike,,PC,1.5,-,2024-01-14,8,reviews/a short hike.html
Baba is You,,PC,7.5,2024-04-30,,8,-
BAD END THEATER,,PC,1,2026-01-21,,8,-
Bendy and the Ink Machine,,PC,4.5,2025-11-01,2025-11-09,3,reviews/bendy and the ink machine.html
Blood Domination,,PC,,2024-12-07,2024-12-07,2,reviews/blood domination.html
Brazilian Drug Dealer 3,Shortened Title,PC,3.5,2025-11-27,2026-06-18,8,reviews/brazilian drug dealer 3.html
Cage of Roses,,PC,6.5,2025-07-10,,6,-
Call of Duty,,PC,7,2024-07-28,2024-07-28,6,reviews/call of duty (2003).html
Cave Story+,,PC,6.5,2024-02-14,2024-02-14,5,reviews/cave story+.html
Celeste,,PC,8.5,-,2026-03-13,10,reviews/celeste.html
Coffee Talk,,PC,4.5,-,2024-01-16,7,reviews/coffee talk.html
Completely Stretchy,,PC,3,2026-03-06,2026-03-08,4,reviews/completely stretchy.html
Cyber Hook,,PC,4,2024-03-30,,7,-
Date Everything!,,PC,18,2026-03-04,2026-03-06,3,reviews/date everything!.html
"Detective Instinct: Farewell, My Beloved",,PC,5.5,2025-12-04,2025-12-23,9,"reviews/detective instinct - farewell, my beloved.html"
Doki Doki Dollmaker,,PC,,2024-12-28,2025-01-19,6,reviews/doki doki dollmaker.html
Donut County,,PC,2,-,,6,-
Doom,2016 Reboot,PC,11.5,2024-10-10,2025-01-18,8,reviews/doom (2016).html
Doom,Steam Port,PC,5,2024-05-18,2024-05-18,5,reviews/doom.html
Downwell,,PC,6.5,2024-05-24,,6,-
Duck Detective: The Ghost of Glamping,,PC,2,2026-03-22,,7,-
Duck Detective: The Secret Salami,,PC,2,2026-03-22,2026-04-12,7,reviews/duck detective - the secret salami.html
Dusk,,PC,7.5,2025-06-27,,8,-
E.Z,,PC,1,-,,5,-
Enter the Gungeon,,PC,23,2024-11-28,,8,-
Exit the Gungeon,,PC,4,2025-03-02,,6,-
Final Fantasy VII,Steam Port,PC,36,2024-07-09,2024-07-10,8,reviews/final fantasy vii.html
Forgive Me Father,,PC,7.5,2025-04-19,2025-04-20,6,reviews/forgive me father.html
Frog Detective 1: The Haunted Island,,PC,1,-,2025-06-14,7,reviews/frog detective 1 - the haunted island.html
Frog Detective 2: The Case of the Invisible Wizard,,PC,1,-,2025-06-14,7,reviews/frog detective 2 - the case of the invisible wizard.html
Frog Detective 3: Corruption at Cowboy County,,PC,2,-,2025-06-14,8,reviews/frog detective 3 - corruption at cowboy county.html
Garden Story,,PC,10.5,2025-01-02,2025-01-02,7,reviews/garden story.html
Gato Roboto,,PC,3.5,2024-09-04,,5,-
Grand Theft Auto: Vice City,Definitive Edition,PC,17,2025-08-09,,7,-
Grapple Dog,,PC,9,2024-04-27,,4,-
Half-Life,,PC,12,2025-02-11,,8,-
Here Comes Niko!,,PC,4,-,,8,-
High Hell,,PC,1.5,-,,6,-
Hustle Cat,,PC,3,2024-12-12,2024-12-12,6,reviews/hustle cat.html
Just Kiss Him Already!,,PC,,2024-11-14,,7,-
Katamari Damacy Reroll,,PC,4.5,2024-06-14,2024-06-14,9,reviews/katamari damacy reroll.html
Katana Zero,,PC,4.5,-,,9,-
Kaze and the Wild Masks,,PC,5,2024-04-09,2024-04-09,7,reviews/kaze and the wild masks.html
Later Alligator,,PC,2.5,-,,7,-
LiEat,,PC,4,2024-05-15,,6,-
Lil Gator Game,,PC,3,2024-06-28,,10,-
Lost and Found Co.,,PC,6,2026-06-30,,8,-
Love Sucks: Night One,,PC,2,2025-07-09,2025-07-09,6,reviews/love sucks - night one.html
Love Sucks: Night Two,,PC,,2026-05-23,,7,-
Mail Time,,PC,2,2026-01-28,,6,-
Mice Tea,,PC,10,2025-07-12,2025-07-12,8,reviews/mice tea.html
Milk Inside a Bag of Milk Inside a Bag of Milk,,PC,1,2025-03-30,2025-03-30,5,reviews/milk inside a bag of milk inside a bag of milk.html
Milk Outside a Bag of Milk Outside a Bag of Milk,,PC,1,2025-07-17,2025-07-17,8,reviews/milk outside a bag of milk outside a bag of milk.html
Minami Lane,,PC,2.5,2025-07-26,,7,-
Minecraft: Java Edition,,PC,50,-,,9,-
Momodora: Reverie Under the Moonlight,,PC,4.5,2024-01-13,,8,-
Monument Valley,,PC,1.5,2025-11-30,,7,-
Nekopara Vol. 1,,PC,4.5,2025-06-24,,2,-
Neon Abyss,,PC,11.5,2024-01-08,,7,-
Neon White,,PC,10.5,-,,10,-
OneShot,,PC,4.5,-,,9,-
Öoo,,PC,2,2026-03-14,,9,-
Peggle Deluxe,,PC,4,2025-05-12,2025-05-12,7,reviews/peggle deluxe.html
Peggle Nights,,PC,3.5,2025-11-29,,7,-
Phoenix Wright: Ace Attorney,Trilogy Remaster,PC,18,-,,8,-
Phoenix Wright: Ace Attorney - Justice for All,Trilogy Remaster,PC,18.5,-,,7,-
Phoenix Wright: Ace Attorney - Trials and Tribulations,Trilogy Remaster,PC,21.5,-,,10,-
Pikuniku,,PC,3,-,,7,-
Portal,,PC,3,-,2024-02-02,9,reviews/portal.html
Portal 2,,PC,8.5,-,,10,-
POSTAL REDUX,,PC,2,2025-05-15,2025-05-18,6,reviews/postal redux.html
Prodigal,,PC,6.5,2024-10-26,,8,-
Psycron,,PC,2,2024-05-02,,5,-
Rayman Legends,,PC,10,2024-06-13,,8,-
Repurpose,,PC,8,2026-01-06,,6,-
Return of the Obra Dinn,,PC,8,2025-06-29,2025-06-29,9,reviews/return of the obra dinn.html
Revita,,PC,9,2024-05-06,,8,-
Rite,,PC,5,2026-02-15,,4,-
Room No. 9,,PC,6,2025-07-08,,6,-
Severed Steel,,PC,3,2025-09-21,,8,-
Shovel Knight: Shovel of Hope,,PC,6.5,2024-01-23,,9,-
Shovel Knight: Specter of Torment,,PC,4.5,2024-01-26,,9,-
Sludge Life,,PC,2,2024-07-18,,7,-
Sludge Life 2,,PC,2,2026-03-07,,7,-
Sonic CD,PC Port,PC,2,2024-04-18,,7,-
Sonic The Hedgehog,Genesis/Mega Drive Classics Port,PC,2,-,,5,-
Sonic The Hedgehog 2,Genesis/Mega Drive Classics Port,PC,2.5,-,,7,-
Sonic The Hedgehog 3 & Knuckles,Genesis/Mega Drive Classics Port,PC,4,2024-01-04,,9,-
Spectrum,,PC,,2025-08-08,2025-08-08,3,reviews/spectrum.html
Squidlit,,PC,1,-,,6,-
Stardew Valley,,PC,53,2025-04-24,2025-04-24,8,reviews/stardew valley.html
Superliminal,,PC,2.5,2024-07-10,2024-08-15,8,reviews/superliminal.html
Super Meat Boy,,PC,9.5,2026-08-15,,8,-
Terraria,,PC,52,2024-02-16,2024-02-16,8,reviews/terraria.html
The Darkside Detective,,PC,4,2026-03-09,,7,-
The Henry Stickmin Collection,,PC,2,-,,6,-
The Messenger,,PC,12,-,,8,-
The Murder of Sonic The Hedgehog,,PC,2.5,-,,7,-
this game will end in 205 clicks.,Free,PC,1,2026-07-16,,6,-
Timespinner,,PC,6,-,,8,-
Titanfall 2,,PC,6,2024-06-06,,9,-
Tomb Raider,2013 Reboot,PC,11.5,2024-06-26,,6,-
Toree 2,,PC,1,2026-07-16,,7,-
Toree 3D,,PC,1,2025-05-21,,6,-
True Love's Curse,,PC,1,2026-07-16,,6,-
Turnip Boy Commits Tax Evasion,,PC,2,-,,7,-
Umurangi Generation,,PC,2.5,2024-04-22,2024-04-22,9,reviews/umurangi generation.html
Umurangi Generation Macro,DLC,PC,1,2024-12-24,,9,-
Undertale,,PC,7,2025-05-04,,9,-
Valkyrie Saga,,PC,3.5,2026-06-29,2026-07-03,5,reviews/valkyrie saga.html
Valley Peaks,,PC,3.5,2025-07-27,2025-08-07,6,reviews/valley peaks.html
Venba,,PC,1.5,2025-08-05,,8,-
VVVVVV,,PC,2.5,-,,8,-
When the Past Was Around,,PC,1.5,2024-06-30,,8,-
Yuki4P,Shortened Title,PC,,2024-11-05,2026-05-13,7,reviews/yuki4p.html
"Zero Escape: Nine Hours, Nine Persons, Nine Doors",Nonary Games Port,PC,10,2024-05-31,2025-07-24,9,"reviews/zero escape - nine hours, nine persons, nine doors.html"
Zero Escape: Virtue's Last Reward,Nonary Games Port,PC,27.5,2025-01-07,2025-01-07,5,reviews/zero escape - virtue's last reward.html
Zero Escape: Zero Time Dilemma,,PC,20.5,2025-02-03,2025-02-04,2,reviews/zero escape - zero time dilemma.html
Ape Escape,,PS1,7,2025-07-07,2025-07-08,7,reviews/ape escape.html
Call of Duty 4: Modern Warfare,,PS3,7,2026-06-21,2026-07-09,8,reviews/call of duty 4 - modern warfare.html
Kingdom Hearts,Final Mix,PS3,24,2025-05-02,2025-05-02,8,reviews/kingdom hearts.html
Parasite Eve,PSOne Classic,PS3,10,2026-05-06,,8,-
R4: Ridge Racer Type 4,PSOne Classic,PS3,1.5,2026-04-12,2026-05-07,9,reviews/r4 - ridge racer type 4.html
Ristar,Sonic's Ultimate Genesis Collection,PS3,2.5,2026-06-23,,6,-
Streets of Rage,Sonic's Ultimate Genesis Collection,PS3,1.5,2025-02-27,,6,-
Persona 4: Dancing All Night,Endless Night Collection,PS4,9,2026-06-29,,7,-
Ratchet and Clank,2016 Reboot,PS4,10,2026-05-12,,4,-
Untitled Goose Game,,PS4,3,2026-05-31,,7,-
Superhot VR,,Quest,2,2024-08-09,,9,-
Ace Attorney Investigations 2: Prosecutor's Gambit,Investigations Collection,Switch,34.5,2025-03-29,,10,-
Bowser's Fury,,Switch,5,2024-01-24,,8,-
Captain Toad: Treasure Tracker,,Switch,7,2024-04-22,,7,-
Clustertruck,,Switch,3.5,2024-04-21,2024-04-21,5,reviews/clustertruck.html
Crash Bandicoot,N.Sane Trilogy,Switch,6,2024-01-22,2024-01-23,3,reviews/crash bandicoot.html
Crash Bandicoot 2: Cortex Strikes Back,N.Sane Trilogy,Switch,6,2025-05-11,,3,-
Cuphead,,Switch,10.5,-,,9,-
Cuphead: The Delicious Last Course,DLC,Switch,3.5,2024-11-02,,9,-
Demon Throttle,,Switch,1.5,2025-11-24,,6,-
Disc Room,,Switch,3,2025-05-27,2026-01-13,6,reviews/disc room.html
Donkey Kong Country,Switch Online (SNES),Switch,4,2024-02-20,,8,-
Donkey Kong Country 2: Diddy's Kong Quest,Switch Online (SNES),Switch,5,2024-06-04,,9,-
Gravity Circuit,,Switch,5,2025-06-30,,8,-
Hades,,Switch,23,-,,10,-
Inside,,Switch,3.5,2024-06-02,,9,-
Kirby and the Forgotten Land,,Switch,10.5,-,,9,-
Kirby Star Allies,,Switch,5.5,-,2024-02-21,6,reviews/kirby star allies.html
Kirby's Adventure,Switch Online (NES),Switch,3.5,2026-08-11,,7,-
Kirby's Dream Land,Switch Online (GB),Switch,1,2024-02-25,,5,-
Kirby's Dream Land 2,Switch Online (GB),Switch,2.5,2024-03-13,,7,-
Kirby's Dream Land 3,Switch Online (SNES),Switch,3.5,2024-06-18,,7,-
Kirby's Return To Dream Land Deluxe,,Switch,7,-,,8,-
Klonoa: Door to Phantomile,Phantasy Reverie Series,Switch,4.5,-,,3,-
Klonoa: Empire of Dreams,Switch Online (GBA),Switch,5.5,2026-06-06,,7,-
LOVE,,Switch,1,2025-06-23,,6,-
LOVE 2: kuso,,Switch,1,2025-06-23,,6,-
LOVE 3,,Switch,1,2025-06-24,,7,-
Luigi's Mansion,Switch Online (GCN),Switch,6.5,2026-06-16,,7,-
Mario Kart 8 Deluxe,,Switch,6,-,,9,-
Mario Kart 8 Deluxe: Booster Course Pass - Wave 1,DLC,Switch,1,-,,5,-
Mario Kart 8 Deluxe: Booster Course Pass - Wave 2,DLC,Switch,1,-,,6,-
Mario Kart 8 Deluxe: Booster Course Pass - Wave 3,DLC,Switch,1,-,,7,-
Mario Kart 8 Deluxe: Booster Course Pass - Wave 4,DLC,Switch,1,-,,7,-
Mario Kart 8 Deluxe: Booster Course Pass - Wave 5,DLC,Switch,1,-,,7,-
Mario Kart 8 Deluxe: Booster Course Pass - Wave 6,DLC,Switch,1,-,,7,-
Mega Man,Legacy Collection,Switch,3,2025-05-07,2025-05-07,3,reviews/mega man.html
Metroid: Zero Mission,Switch Online (GBA),Switch,4.5,2026-08-08,,9,-
New Super Luigi U,NSMBU Deluxe,Switch,4.5,-,,5,-
New Super Mario Bros U,NSMBU Deluxe,Switch,9.5,-,,4,-
Ninja Gaiden: Ragebound,,Switch,6,2026-04-02,,8,-
Pac-Man World Re-Pac,,Switch,5.5,2024-01-02,,7,-
Pepper Grinder,,Switch,3.5,2024-12-31,,6,-
Persona 4 Golden,,Switch,67.5,2026-01-19,2026-01-23,8,reviews/persona 4 golden.html
Pikmin 1,,Switch,8,2026-06-10,,9,-
Pokemon Legends: Arceus,,Switch,25.5,-,,8,-
Pokemon Scarlet,,Switch,32.5,-,2024-01-22,7,reviews/pokemon scarlet.html
Pokemon Sword,,Switch,25.5,-,2024-01-24,4,reviews/pokemon sword.html
Princess Peach Showtime,,Switch,7.5,2024-08-08,,5,-
Punch-Out!!,Switch Online (NES),Switch,3,2024-06-01,,5,-
Shadow Generations,Sonic X Shadow Generations,Switch,6,2025-04-12,,9,-
Shantae: Half-Genie Hero,,Switch,7.5,-,,6,-
Silent Hope,,Switch,23,2024-05-27,,4,-
Smile For Me,,Switch,3.5,2024-12-23,,8,-
Sonic Forces,,Switch,4,-,,2,-
Sonic Generations,Sonic X Shadow Generations,Switch,5.5,2024-12-08,,8,-
Sonic Mania Plus,,Switch,5.5,-,,8,-
Sonic Superstars,,Switch,5.5,2024-01-11,,5,-
Splatoon 2,,Switch,8,-,,7,-
Splatoon 2: Octo Expansion DLC,DLC,Switch,8,-,,9,-
Splatoon 3,,Switch,8.5,2024-03-17,,8,-
Splatoon 3: Side Order,DLC,Switch,4.5,2025-02-13,2025-04-16,8,reviews/splatoon 3 - side order.html
Super Mario 64,Switch Online (N64),Switch,12,2026-08-14,,8,-
Super Mario Bros,Switch Online (NES),Switch,2,2024-06-01,,6,-
Super Mario Bros Wonder,,Switch,10,2023-12-10,,9,-
Super Mario Galaxy,3D All Stars,Switch,14,2024-01-06,,9,-
Super Mario Land,Switch Online (GB),Switch,1,2024-06-02,,5,-
Super Mario Land 2: 6 Golden Coins,Switch Online (GB),Switch,2,2026-06-02,,7,-
Super Mario Odyssey,,Switch,12.5,-,,9,-
Super Mario RPG,2023 Remake,Switch,12,2024-02-15,,8,-
Super Mario World,Switch Online (SNES),Switch,5,2025-09-20,,8,-
Super Monkey Ball: Banana Rumble,,Switch,5,2025-12-19,,5,-
Tevi,,Switch,23,2024-06-21,,8,-
The Great Ace Attorney 2: Resolve,,Switch,35,2025-06-22,,8,-
The Great Ace Attorney: Adventures,,Switch,30.5,2025-06-05,2025-06-05,6,reviews/the great ace attorney - adventures.html
The Legend of Zelda: Breath of the Wild,,Switch,50.5,-,,9,-
The Legend of Zelda: Echoes of Wisdom,,Switch,20.5,2024-10-31,,8,-
We Love Katamari Reroll,,Switch,5,2024-10-27,,9,-
West of Loathing,,Switch,7.5,2024-11-02,,6,-
Yoshi's Crafted World,,Switch,8,2023-12-22,,3,-
Bubsy 4D,,Switch 2,3.5,2026-06-08,2026-08-12,6,reviews/bubsy 4d.html
Donkey Kong Bananza,,Switch 2,16.5,2025-07-26,,9,-
Kirby Air Riders,,Switch 2,3.5,2025-12-31,,9,-
Mario Kart World,,Switch 2,4,-,,8,-
Pokemon Legends: Z-A,,Switch 2,26,2025-12-16,,7,-
Splatoon Raiders,,Switch 2,10,2026-08-08,,9,-
Mario Kart Wii,,Wii,5.5,-,,8,-
Splatoon,,Wii U,5,-,,7,-
Super Mario 3D World,,Wii U,10.5,-,,8,-
Halo: Combat Evolved Anniversary,Master Chief Collection,XBOX One,10,2025-05-07,2025-05-07,6,reviews/halo - combat evolved anniversary.html
New Super Lucky's Tale,,XBOX One,6.5,2024-01-15,,5,-
Persona 3 Reload,,XBOX One,64,2025-05-26,2025-05-27,9,reviews/persona 3 reload.html